{
  "cardiotocography/mds": {
    "CH": 0.49523809523809526,
    "SIL": 0.5015873015873016,
    "DB": 0.4920634920634921
  },
  "cardiotocography/pca": {
    "CH": 0.45714285714285713,
    "SIL": 0.5492063492063491,
    "DB": 0.45079365079365075
  },
  "cardiotocography/tsne": {
    "CH": 0.5396825396825397,
    "SIL": 0.5142857142857143,
    "DB": 0.5904761904761905
  }
}